{"cameraMode":{"drawMode":0,"name":"Shaded","section":"Shading Mode"},"sceneLighting":true,"audioPlay":false,"sceneViewState":{"showFog":true,"showMaterialUpdate":false,"showSkybox":true,"showFlares":true,"showImageEffects":true,"showParticleSystems":true},"in2DMode":false,"pivot":{"x":-0.13354957103729249,"y":-0.25597354769706728,"z":3.149791955947876},"rotation":{"x":-0.06990408152341843,"y":0.12416388839483261,"z":-0.008769601583480835,"w":-0.9897574782371521},"size":4.388742446899414,"orthographic":false}