{"cameraMode":{"drawMode":0,"name":"Shaded","section":"Shading Mode"},"sceneLighting":true,"audioPlay":false,"sceneViewState":{"showFog":true,"showMaterialUpdate":false,"showSkybox":true,"showFlares":true,"showImageEffects":true,"showParticleSystems":true},"in2DMode":false,"pivot":{"x":0.2828792333602905,"y":-0.33248794078826907,"z":1.999090313911438},"rotation":{"x":-0.11518612504005432,"y":-0.0339684896171093,"z":0.003941034898161888,"w":-0.9927551746368408},"size":1.4695203304290772,"orthographic":false}