{"cameraMode":{"drawMode":0,"name":"Shaded","section":"Shading Mode"},"sceneLighting":true,"audioPlay":false,"sceneViewState":{"showFog":true,"showMaterialUpdate":false,"showSkybox":true,"showFlares":true,"showImageEffects":true,"showParticleSystems":true},"in2DMode":false,"pivot":{"x":0.6031466126441956,"y":0.11562073230743408,"z":3.0240561962127687},"rotation":{"x":-0.11365405470132828,"y":0.043498728424310687,"z":-0.004981112666428089,"w":-0.9925552010536194},"size":2.669520139694214,"orthographic":false}