{"cameraMode":{"drawMode":0,"name":"Shaded","section":"Shading Mode"},"sceneLighting":true,"audioPlay":false,"sceneViewState":{"showFog":true,"showMaterialUpdate":false,"showSkybox":true,"showFlares":true,"showImageEffects":true,"showParticleSystems":true},"in2DMode":false,"pivot":{"x":0.016699835658073427,"y":-0.1264462023973465,"z":3.169847249984741},"rotation":{"x":-0.0270034521818161,"y":0.01679014042019844,"z":-0.00045389312435872853,"w":-0.9994942545890808},"size":2.886657238006592,"orthographic":false}