{"cameraMode":{"drawMode":0,"name":"Shaded","section":"Shading Mode"},"sceneLighting":true,"audioPlay":false,"sceneViewState":{"showFog":true,"showMaterialUpdate":false,"showSkybox":true,"showFlares":true,"showImageEffects":true,"showParticleSystems":true},"in2DMode":false,"pivot":{"x":0.6001746654510498,"y":-0.835669994354248,"z":4.192246437072754},"rotation":{"x":-0.1552434116601944,"y":-0.04118431359529495,"z":0.0064775701612234119,"w":-0.9869961738586426},"size":4.547389030456543,"orthographic":false}