{"cameraMode":{"drawMode":0,"name":"Shaded","section":"Shading Mode"},"sceneLighting":true,"audioPlay":false,"sceneViewState":{"showFog":true,"showMaterialUpdate":false,"showSkybox":true,"showFlares":true,"showImageEffects":true,"showParticleSystems":true},"in2DMode":false,"pivot":{"x":-1.4190301895141602,"y":0.8614648580551148,"z":1.2364630699157715},"rotation":{"x":-0.08510909974575043,"y":0.8467149138450623,"z":-0.1425650417804718,"w":-0.5054755806922913},"size":5.707395553588867,"orthographic":false}