{"cameraMode":{"drawMode":0,"name":"Shaded","section":"Shading Mode"},"sceneLighting":false,"audioPlay":false,"sceneViewState":{"showFog":true,"showMaterialUpdate":false,"showSkybox":false,"showFlares":true,"showImageEffects":true,"showParticleSystems":true},"in2DMode":false,"pivot":{"x":0.5569999814033508,"y":0.3630000054836273,"z":1.696000099182129},"rotation":{"x":-0.14351104199886323,"y":0.004747265484184027,"z":-0.0006886462215334177,"w":-0.9896371364593506},"size":0.6806005239486694,"orthographic":false}