{"cameraMode":{"drawMode":0,"name":"Shaded","section":"Shading Mode"},"sceneLighting":true,"audioPlay":false,"sceneViewState":{"showFog":true,"showMaterialUpdate":false,"showSkybox":true,"showFlares":true,"showImageEffects":true,"showParticleSystems":true},"in2DMode":false,"pivot":{"x":0.4079541862010956,"y":0.5440231561660767,"z":0.629818320274353},"rotation":{"x":-0.01949921064078808,"y":-1.070314468165634e-7,"z":-4.0533354450644768e-8,"w":-0.9998099207878113},"size":0.945234477519989,"orthographic":false}