{"cameraMode":{"drawMode":0,"name":"Shaded","section":"Shading Mode"},"sceneLighting":true,"audioPlay":false,"sceneViewState":{"showFog":true,"showMaterialUpdate":false,"showSkybox":true,"showFlares":true,"showImageEffects":true,"showParticleSystems":true},"in2DMode":false,"pivot":{"x":-0.23312067985534669,"y":0.8836894035339356,"z":1.9421381950378419},"rotation":{"x":-0.09621752053499222,"y":0.8440468907356262,"z":-0.1617230474948883,"w":-0.5021680593490601},"size":4.24523401260376,"orthographic":false}